<?xml version="1.0" encoding="UTF-8"?>
<metadata xml:lang="en"><Esri><CreaDate>20130812</CreaDate><CreaTime>11210200</CreaTime><SyncOnce>FALSE</SyncOnce><SyncDate>20130720</SyncDate><SyncTime>10393600</SyncTime><ModDate>20130720</ModDate><ModTime>10393600</ModTime><DataProperties><lineage><Process ToolSource="C:\Program Files\ArcGIS\ArcToolbox\Toolboxes\Conversion Tools.tbx\FeatureClassToFeatureClass" Date="20090115" Time="143913">FeatureClassToFeatureClass E:\noaa-lme\geographic_wgs\lme-2002\polygon E:\noaa-lme\Geographic_WGS.gdb LMEs_64 # "AREA 'AREA' false true true 4 Float 0 0 ,First,#,E:\noaa-lme\geographic_wgs\lme-2002\polygon,AREA,-1,-1;PERIMETER 'PERIMETER' false true true 4 Float 0 0 ,First,#,E:\noaa-lme\geographic_wgs\lme-2002\polygon,PERIMETER,-1,-1;LME_2002_ 'LME_2002_' false true true 4 Long 0 0 ,First,#,E:\noaa-lme\geographic_wgs\lme-2002\polygon,LME-2002#,-1,-1;LME_2002_ID 'LME_2002_ID' true true true 4 Long 0 0 ,First,#,E:\noaa-lme\geographic_wgs\lme-2002\polygon,LME-2002-ID,-1,-1;LME_NUMBER 'LME_NUMBER' true true false 16 Double 0 16 ,First,#,E:\noaa-lme\geographic_wgs\lme-2002\polygon,LME_NUMBER,-1,-1;LME_NAME 'LME_NAME' true true false 70 Text 0 0 ,First,#,E:\noaa-lme\geographic_wgs\lme-2002\polygon,LME-NAME,-1,-1;SQ_KM 'SQ_KM' true true false 16 Double 2 15 ,First,#,E:\noaa-lme\geographic_wgs\lme-2002\polygon,SQ_KM,-1,-1;WEBSITE 'WEBSITE' true true false 75 Text 0 0 ,First,#,E:\noaa-lme\geographic_wgs\lme-2002\polygon,WEBSITE,-1,-1" # E:\noaa-lme\Geographic_WGS.gdb\LMEs_64</Process><Process ToolSource="c:\program files (x86)\arcgis\desktop10.1\ArcToolbox\Toolboxes\Data Management Tools.tbx\Append" Date="20130720" Time="091730">Append ArcticPolys_2013 lme64 NO_TEST "LME_NUMBER "LME_NUMBER" true true false 8 Double 0 0 ,First,#;LME_NAME "LME_NAME" true true false 70 Text 0 0 ,First,#;Shape_Length "Shape_Length" false true true 8 Double 0 0 ,First,#,D:\noaa-lme\TempData.gdb\ArcticPolys_2013,Shape_Length,-1,-1;Shape_Area "Shape_Area" false true true 8 Double 0 0 ,First,#,D:\noaa-lme\TempData.gdb\ArcticPolys_2013,Shape_Area,-1,-1" #</Process><Process ToolSource="c:\program files (x86)\arcgis\desktop10.1\ArcToolbox\Toolboxes\Analysis Tools.tbx\Erase" Date="20130720" Time="094042">Erase lme64 Borders D:\noaa-lme\TempData.gdb\lme64_erased "0.0000000000001 DecimalDegrees"</Process><Process ToolSource="c:\program files (x86)\arcgis\desktop10.1\ArcToolbox\Toolboxes\Data Management Tools.tbx\FeatureToLine" Date="20130720" Time="103943">FeatureToLine LMEs_66 D:\noaa-lme\Geographic_WGS.gdb\LMEs_66_Offshore "0.0000000000001 DecimalDegrees" NO_ATTRIBUTES</Process><Process ToolSource="c:\program files (x86)\arcgis\desktop10.1\ArcToolbox\Toolboxes\Data Management Tools.tbx\CalculateField" Date="20130720" Time="122224">CalculateField LMEs_66_Offshore GROUPING "Arctic" VB #</Process><Process ToolSource="c:\program files (x86)\arcgis\desktop10.1\ArcToolbox\Toolboxes\Data Management Tools.tbx\CalculateField" Date="20130720" Time="122316">CalculateField LMEs_66_Offshore GROUPING "" VB #</Process><Process ToolSource="c:\program files (x86)\arcgis\desktop10.1\ArcToolbox\Toolboxes\Data Management Tools.tbx\CalculateField" Date="20130720" Time="122600">CalculateField LMEs_66_Offshore GROUPING None PYTHON_9.3 #</Process><Process ToolSource="c:\program files (x86)\arcgis\desktop10.1\ArcToolbox\Toolboxes\Data Management Tools.tbx\CalculateField" Date="20130720" Time="131433">CalculateField LMEs_66_Offshore_Arctic GROUPING None PYTHON_9.3 #</Process></lineage><itemProps><itemLocation><linkage Sync="TRUE">file://\\MOLAMOLA\D on MolaMola\noaa-lme\Geographic_WGS.gdb</linkage><protocol Sync="TRUE">Local Area Network</protocol></itemLocation><itemName Sync="TRUE">LMEs_66_Offshore</itemName><imsContentType Sync="TRUE">002</imsContentType></itemProps><coordRef><type Sync="TRUE">Geographic</type><geogcsn Sync="TRUE">GCS_WGS_1984</geogcsn><csUnits Sync="TRUE">Angular Unit: Degree (0.017453)</csUnits><peXml Sync="TRUE">&lt;GeographicCoordinateSystem xsi:type='typens:GeographicCoordinateSystem' xmlns:xsi='http://www.w3.org/2001/XMLSchema-instance' xmlns:xs='http://www.w3.org/2001/XMLSchema' xmlns:typens='http://www.esri.com/schemas/ArcGIS/10.1'&gt;&lt;WKT&gt;GEOGCS[&amp;quot;GCS_WGS_1984&amp;quot;,DATUM[&amp;quot;D_WGS_1984&amp;quot;,SPHEROID[&amp;quot;WGS_1984&amp;quot;,6378137.0,298.257223563]],PRIMEM[&amp;quot;Greenwich&amp;quot;,0.0],UNIT[&amp;quot;Degree&amp;quot;,0.0174532925199433],AUTHORITY[&amp;quot;EPSG&amp;quot;,4326]]&lt;/WKT&gt;&lt;XOrigin&gt;-399.99999999999989&lt;/XOrigin&gt;&lt;YOrigin&gt;-399.99999999999989&lt;/YOrigin&gt;&lt;XYScale&gt;1111948742.964035&lt;/XYScale&gt;&lt;ZOrigin&gt;-100000&lt;/ZOrigin&gt;&lt;ZScale&gt;10000&lt;/ZScale&gt;&lt;MOrigin&gt;-100000&lt;/MOrigin&gt;&lt;MScale&gt;10000&lt;/MScale&gt;&lt;XYTolerance&gt;6.4772691985126585e-005&lt;/XYTolerance&gt;&lt;ZTolerance&gt;0.001&lt;/ZTolerance&gt;&lt;MTolerance&gt;0.001&lt;/MTolerance&gt;&lt;HighPrecision&gt;true&lt;/HighPrecision&gt;&lt;LeftLongitude&gt;-180&lt;/LeftLongitude&gt;&lt;WKID&gt;4326&lt;/WKID&gt;&lt;LatestWKID&gt;4326&lt;/LatestWKID&gt;&lt;/GeographicCoordinateSystem&gt;</peXml></coordRef></DataProperties><ArcGISFormat>1.0</ArcGISFormat><ArcGISstyle>ISO 19139 Metadata Implementation Specification</ArcGISstyle></Esri><idinfo><native Sync="TRUE">Microsoft Windows XP Version 5.1 (Build 2600) Service Pack 3; ESRI ArcCatalog 9.3.1.3500</native><descript><langdata Sync="TRUE">en</langdata><abstract>LMEs are natural regions of ocean space encompassing coastal waters from river basins and estuaries to the seaward boundary of continental shelves and the outer margins of coastal currents. They are relatively large regions of 200,000 km2 or greater, the natural boundaries of which are based on four ecological criteria: bathymetry, hydrography, productivity, and trophically related populations.

The theory, measurement, and modeling relevant to monitoring the changing states of LMEs are imbedded in reports on ecosystems with multiple steady states, and on the pattern formation and spatial diffusion within ecosystems.  The concept that critical processes controlling the structure and function of biological communities can best be addressed on a regional basis has been applied to the ocean by using LMEs as the distinct units for marine resources assessment, monitoring, and management.
</abstract><purpose>Since 1984, the NOAA Fisheries Service's Large Marine Ecosystems (LME) Program has been engaged in the development and implementation of an ecosystem-based approach to support assessment and management of marine resources and habitats. Five linked program modules have been developed for introducing the LME approach: productivity, fish and fisheries, pollution and ecosystem health, socioeconomics, and governance.  Taken together, these modules provide time-series measurements used to support actions for the recovery, sustainability, and management of marine resources and habitats.

A global effort is underway by NOAA in partnership with the World Conservation Union (IUCN), the UN's Intergovernmental Oceanographic Commission (IOC), and other UN agencies to improve the long-term sustainability of resources and environments of the world's 64 LMEs and linked watersheds. Scientific and technical assistance is provided to developing countries committed to policies and actions for eliminating transboundary environmental and resource-use practices that lead to serious degradation of coastal environments and their linked watersheds, and to losses in biodiversity and food security.</purpose><supplinf>Visit the LME website for more information:  http://www.lme.noaa.gov</supplinf></descript><citation><citeinfo><origin>US Large Marine Ecosystem Program</origin><pubdate>2002</pubdate><title>64 Large Marine Ecosystems of the World</title><ftname Sync="TRUE">LMEs_64</ftname><geoform Sync="TRUE">vector digital data</geoform><onlink>http://www.lme.noaa.gov</onlink><pubinfo><pubplace>Narragansett, RI</pubplace><publish>NOAA Fisseries, Narragansett Lab</publish></pubinfo></citeinfo></citation><timeperd><current>publication date</current><timeinfo><sngdate><caldate>2002</caldate></sngdate></timeinfo></timeperd><status><progress>In work</progress><update>Irregular</update></status><spdom><bounding><westbc Sync="TRUE">-180.000000</westbc><eastbc Sync="TRUE">180.000000</eastbc><northbc Sync="TRUE">82.893036</northbc><southbc Sync="TRUE">-85.470284</southbc></bounding><lboundng><leftbc Sync="TRUE">-180.000000</leftbc><rightbc Sync="TRUE">180.000000</rightbc><bottombc Sync="TRUE">-85.470284</bottombc><topbc Sync="TRUE">82.893036</topbc></lboundng></spdom><keywords><theme><themekt>REQUIRED: Reference to a formally registered thesaurus or a similar authoritative source of theme keywords.</themekt><themekey>Large Marine Ecosystem</themekey><themekey>LME</themekey><themekey>Linked Watersheds</themekey></theme><place><placekey>World</placekey><placekey>Global</placekey></place></keywords><accconst>None</accconst><useconst>Cite US LME Program</useconst><natvform Sync="TRUE">File Geodatabase Feature Class</natvform><ptcontac><cntinfo><cntperp><cntper>Kenneth Sherman</cntper><cntorg>National Marine Fisheries Service</cntorg></cntperp><cntpos>Director</cntpos><cntvoice>401-782-3211</cntvoice><cntfax>401-782-3201 </cntfax><cntemail>Kenneth.Sherman@NOAA.gov </cntemail><hours>M-F</hours><cntaddr><address>National Marine Fisheries Service</address><address>Narragansett Laboratory </address><addrtype>mailing and physical address</addrtype><address>28 Tarzwell Drive </address><city>Narragansett</city><state>Rhode Island</state><postal>02882</postal><country>USA</country></cntaddr></cntinfo></ptcontac><datacred>Large Marine Ecosystem Program 
NOAA-Fisheries 
Narragansett Laboratory 
Narragansett, R.I. 02882 
Kenneth.Sherman@NOAA.gov 
www.lme.noaa.gov</datacred><secinfo><secclass>Unclassified</secclass></secinfo></idinfo><metainfo><langmeta Sync="TRUE">en</langmeta><metstdn Sync="TRUE">FGDC Content Standards for Digital Geospatial Metadata</metstdn><metstdv Sync="TRUE">FGDC-STD-001-1998</metstdv><mettc Sync="TRUE">local time</mettc><metc><cntinfo><cntorgp><cntper>Research Associate</cntper><cntorg>University of Rhode Island's Environmental Data Center</cntorg></cntorgp><cntaddr><addrtype>mailing and physical address</addrtype><city>Kingston</city><state>Rhode Island</state><postal>02881</postal><address>University of Rhode Island</address><address>Coastal Institute at Kingston</address><address>1 Greenhouse Road</address><country>USA</country></cntaddr><cntvoice>401-874-5054</cntvoice><cntpos>Research Associate</cntpos><cntfax>401-874-4561</cntfax><hours>M-F</hours></cntinfo></metc><metd>20000101</metd><metrd>20090930</metrd><metac>None</metac><metuc>None</metuc><metsi><metsc>Unclassified</metsc></metsi></metainfo><spdoinfo><direct Sync="TRUE">Vector</direct><ptvctinf><esriterm Name="LMEs_66_Offshore"><efeatyp Sync="TRUE">Simple</efeatyp><efeageom code="3" Sync="TRUE"></efeageom><esritopo Sync="TRUE">FALSE</esritopo><efeacnt Sync="TRUE">0</efeacnt><spindex Sync="TRUE">TRUE</spindex><linrefer Sync="TRUE">FALSE</linrefer></esriterm></ptvctinf></spdoinfo><spref><horizsys><cordsysn><geogcsn Sync="TRUE">GCS_WGS_1984</geogcsn></cordsysn><geograph><geogunit Sync="TRUE">Decimal degrees</geogunit><latres Sync="TRUE">0.000000</latres><longres Sync="TRUE">0.000000</longres></geograph><geodetic><horizdn Sync="TRUE">D_WGS_1984</horizdn><ellips Sync="TRUE">WGS_1984</ellips><semiaxis Sync="TRUE">6378137.000000</semiaxis><denflat Sync="TRUE">298.257224</denflat></geodetic></horizsys></spref><eainfo><detailed Name="LMEs_66_Offshore"><enttyp><enttypl Sync="TRUE">LMEs_66_Offshore</enttypl><enttypt Sync="TRUE">Feature Class</enttypt><enttypc Sync="TRUE">0</enttypc></enttyp><attr><attrlabl Sync="TRUE">OBJECTID</attrlabl><attalias Sync="TRUE">OBJECTID</attalias><attrtype Sync="TRUE">OID</attrtype><attwidth Sync="TRUE">4</attwidth><atprecis Sync="TRUE">0</atprecis><attscale Sync="TRUE">0</attscale><attrdef Sync="TRUE">Internal feature number.</attrdef><attrdefs Sync="TRUE">ESRI</attrdefs><attrdomv><udom Sync="TRUE">Sequential unique whole numbers that are automatically generated.</udom></attrdomv></attr><attr><attrlabl Sync="TRUE">Shape</attrlabl><attalias Sync="TRUE">Shape</attalias><attrtype Sync="TRUE">Geometry</attrtype><attwidth Sync="TRUE">0</attwidth><atprecis Sync="TRUE">0</atprecis><attscale Sync="TRUE">0</attscale><attrdef Sync="TRUE">Feature geometry.</attrdef><attrdefs Sync="TRUE">ESRI</attrdefs><attrdomv><udom Sync="TRUE">Coordinates defining the features.</udom></attrdomv></attr><attr><attrlabl Sync="TRUE">Shape_Length</attrlabl><attalias Sync="TRUE">Shape_Length</attalias><attrtype Sync="TRUE">Double</attrtype><attwidth Sync="TRUE">8</attwidth><atprecis Sync="TRUE">0</atprecis><attscale Sync="TRUE">0</attscale><attrdef Sync="TRUE">Length of feature in internal units.</attrdef><attrdefs Sync="TRUE">ESRI</attrdefs><attrdomv><udom Sync="TRUE">Positive real numbers that are automatically generated.</udom></attrdomv></attr></detailed></eainfo><mdDateSt Sync="TRUE">20130720</mdDateSt><dataIdInfo><envirDesc Sync="TRUE">Microsoft Windows 7 Version 6.1 (Build 7601) Service Pack 1; Esri ArcGIS 10.1.1.3143</envirDesc><dataLang><languageCode Sync="TRUE" value="eng"></languageCode><countryCode value="USA" Sync="TRUE"></countryCode></dataLang><idCitation><resTitle Sync="TRUE">LMEs_66_Offshore</resTitle><presForm><PresFormCd value="005" Sync="TRUE"></PresFormCd></presForm></idCitation><dataExt><geoEle><GeoBndBox esriExtentType="native"><westBL Sync="TRUE">-180</westBL><eastBL Sync="TRUE">180</eastBL><northBL Sync="TRUE">82.893036</northBL><southBL Sync="TRUE">-85.470284</southBL><exTypeCode Sync="TRUE">1</exTypeCode></GeoBndBox></geoEle></dataExt><geoBox esriExtentType="decdegrees"><westBL Sync="TRUE">-180</westBL><eastBL Sync="TRUE">180</eastBL><northBL Sync="TRUE">82.893036</northBL><southBL Sync="TRUE">-85.470284</southBL><exTypeCode Sync="TRUE">1</exTypeCode></geoBox><spatRpType><SpatRepTypCd value="001" Sync="TRUE"></SpatRepTypCd></spatRpType></dataIdInfo><mdLang><languageCode Sync="TRUE" value="eng"></languageCode><countryCode value="USA" Sync="TRUE"></countryCode></mdLang><mdStanName Sync="TRUE">ISO 19115 Geographic Information - Metadata</mdStanName><mdStanVer Sync="TRUE">DIS_ESRI1.0</mdStanVer><mdChar><CharSetCd Sync="TRUE" value="004"></CharSetCd></mdChar><mdHrLv><ScopeCd Sync="TRUE" value="005"></ScopeCd></mdHrLv><mdHrLvName Sync="TRUE">dataset</mdHrLvName><distinfo><resdesc Sync="TRUE">Downloadable Data</resdesc><distrib><cntinfo><cntaddr><address>National Marine Fisheries Service</address><address>Narragansett Laboratory</address><addrtype>mailing and physical address</addrtype><address>28 Tarzwell Drive</address><city>Narragansett</city><state>Rhode Island</state><postal>02882</postal><country>USA</country></cntaddr><cntperp><cntper>Kenneth Sherman</cntper><cntorg>National Marine Fisheries Service</cntorg></cntperp><cntpos>Director</cntpos><cntvoice>401-782-3211</cntvoice><cntfax>401-782-3201</cntfax><cntemail>Kenneth.Sherman@NOAA.gov</cntemail><hours>M-F</hours></cntinfo></distrib><distliab>For reference only.  Distributor assumes no liability.</distliab><stdorder><ordering>Available online at:  http://www.lme.noaa.gov</ordering></stdorder></distinfo><distInfo><distributor><distorTran><onLineSrc><orDesc Sync="TRUE">002</orDesc><linkage Sync="TRUE">file://\\SCUP\E$\noaa-lme\Geographic_WGS.gdb</linkage><protocol Sync="TRUE">Local Area Network</protocol></onLineSrc></distorTran><distorFormat><formatName Sync="TRUE">File Geodatabase Feature Class</formatName></distorFormat></distributor><distFormat><formatName Sync="TRUE">File Geodatabase Feature Class</formatName></distFormat></distInfo><refSysInfo><RefSystem><refSysID><identCode Sync="TRUE" code="4326">GCS_WGS_1984</identCode><idCodeSpace Sync="TRUE">EPSG</idCodeSpace><idVersion Sync="TRUE">7.11.2</idVersion></refSysID></RefSystem></refSysInfo><spatRepInfo><VectSpatRep><geometObjs Name="LMEs_66_Offshore"><geoObjTyp><GeoObjTypCd value="002" Sync="TRUE"></GeoObjTypCd></geoObjTyp><geoObjCnt Sync="TRUE">0</geoObjCnt></geometObjs><topLvl><TopoLevCd value="001" Sync="TRUE"></TopoLevCd></topLvl></VectSpatRep></spatRepInfo><dataqual><lineage><procstep><proccont><cntinfo><cntaddr><address>University of Rhode Island</address><address>Coastal Institute at Kingston</address><addrtype>mailing and physical address</addrtype><address>1 Greenhouse Road</address><city>Kingston</city><state>Rhode Island</state><postal>02881</postal><country>USA</country></cntaddr><cntorgp><cntorg>University of Rhode Island's Environmental Data Center</cntorg><cntper>Research Associate</cntper></cntorgp><cntpos>Research Associate</cntpos><cntvoice>401-874-5054</cntvoice><cntfax>401-874-4561</cntfax><hours>M-F</hours></cntinfo></proccont><procdesc>All boundaries were generated using the Environment Systems Research Institute (ESRI) Geographic Information System (GIS) software. </procdesc><procsv>9.x</procsv></procstep></lineage><logic>LME boundaries werre drafted from multiple sources including global bathymetry, current patterns, and consultations with the Environmental Ministers of participating countries.  These boundaries should be used for general reference.</logic><complete>Boundaries are subject to change.</complete></dataqual></metadata>
